{
    "block": 19916232,
    "accounts": {
        "0x77f2B73DC975a6E9172BB871FDaC31eBcC04C25a": {
            "deposits": {
                "USDT": 0.010003
            }
        },
        "0x885410c6d5945C10409d72976D73Fcc1d3e115bF": {
            "deposits": {
                "USDT": 117.319846,
                "wstTARA": 3691733.57902836
            }
        },
        "0x955a10995A22910F062eaBfcD05DF9c965372883": {
            "deposits": {
                "USDM": 83.43230377989893,
                "wstTARA": 1049280.0552048387
            }
        },
        "0x9892F867F0E3d54cf9EdA66Cf5886bd84D973e2f": {
            "deposits": {
                "WTARA": 5000.180476239759,
                "USDM": 0.5005859634319693,
                "USDT": 0.931836,
                "ETH": 0.000118707154234016
            }
        },
        "0x9D5250d3F518a6Fe96012f159429794e2F807827": {
            "deposits": {
                "ETH": 0.0353394138241137
            }
        },
        "0xA25bc8c1e230a476cB00f2e9c93ffC2D4e163dc5": {
            "deposits": {
                "WTARA": 7016.240409468799,
                "USDM": 0.21453684147084404,
                "USDT": 8.34516,
                "ETH": 5.0874494671734e-05,
                "wstTARA": 1000.149068764516
            },
            "debt": {
                "USDM": {
                    "variable": 0.037744112781357364
                },
                "USDT": {
                    "variable": 0.000102
                },
                "ETH": {
                    "variable": 2.210385346034e-06
                }
            }
        },



        "0xD99C4D9eb46f3411415bA7C381D72aa9C4DbF334": {
            "deposits": {
                "USDT": 16069.390586
            },
            "debt": {
                "WTARA": {
                    "variable": 2008747.5240268644
                }
            }
        }
    }
}